xmin,ymin,xmax,ymax,confidence,class,name
444.7304382324219,33.46796417236328,1002.1597290039062,703.68701171875,0.7751334309577942,16,dog
